UID,HASH
,Invalid user ID submitted
4001,0xb0efc797ea75795a4fc4d408463c70b8900e59baf58a91b6fa9761ec77e1681c
4002,0xc2b6e1f87f1fb289ff787dc16e5a3a06dd1c19c7d70590ecef159b231607ef5f
4003,0x43871a4ea259ce408e919860279fa4f7af23f0000303064f8e692fb6317ca397
4004,0xd49030599e25e8522a2eac92f91f6e7bff2e56c9af06f879671a5166242d9a32
4005,0xec351e24af73a8d6f9c6ac57fa77be9f24ae014b24a259a6ad708fca1b6605ab
4006,0x817fbc1c4386fe2dcc2993b009d5f76fa9acd8a0f4aa601e513b632392c4d428
4007,0x5b2b722628c243e02f367c322afd67ff4ef00628ebee6428c429adae17eb7965
4008,0x1c8a1600842cc2a0dba6151022cbd9ce73db6759f401ce004694b34e0ca6c964
4009,0x019209346a558b1c8b5baf5de9361fd4bc1005639927025e404b2fc49fe0a9d4
4010,0xcfc30c6ec0237d3c822138d697d7e7736a1fefdf88066a670e7ffc17fe671084
4011,0x0f179fbfd346fdd67b2f7276afcef7e3b617e71e86088ae47bc5cec86d9e5594
4012,0x46529058fd79c8efd16e6cdbc27343dc54bebe609a5202158a61168dc6f676bb
4013,0x75b3f6e9fc184a9e03ff5529f113b6990f8ea7960bb26dafe62b032eac661f92
4014,0x346f05a48032ec2d7b1c7eb248654175cba8b58c611c01aff5a6673a1fe0a7cd
4015,0x4d060695333ebeab7858603cf885cc39db454783188392853f36803834550a4e
4016,0x794e2215c74dbbe4c734f52d1f3f638cd9a3fe687d5c56a2c511a1640e8c9604
4017,0x3e8085d7a382a645678556aba5d78411e27a0df639c0f4c15fabe3b6460198c3
4018,0x26792840bd3b3b04f5d3192a5981e8fc3231adf6853f9d4fd2145ec2c25e46a6
4019,0x5193cb34662513f05b1cc8e408a89bbf738f18ad7922cf08818c23c92226fe82
4020,0x5050b689091595363d9f6e5ee240e13a965ec6a53e5d32ea6054b5bc07821a35
4021,0xd9878c9ba883f523150e654f7d9cc727297d9e6e9aac58c7470fb74b4cbf5248
4022,0xb5e7b0e5f7d0943095d90ae051680ea2098536a35550586a3b6fbea8d8fded6b
4023,0x7e607909fd879bbc20d8fd5bdd9320cb2fee95e312e51983d062aba2c0e3da52
4024,0x58421036b7fbb6e307418f2297a463f0f1eab241bd435c642b6d6d873283f797
4025,0xd2572ef3561449939bbcfb2fa6ed0fa21b00a2362b271e73280d8f97ee2c02a7
4026,0x65fa795e579dafef5f3d216799719eed32f1d4c21bce563c59202e12119d63a3
4027,0xac3d60f67cb8e0f43595e1875fb4566f43ecb54427a1057345c4024533c17992
4028,0x85ffd4a387c732615fb2ac3cb28b40836ebca574c8aa9a59f301a11e60ec8ba9
4029,0xe523840da72451cfef9b26935e4ebc63be329cf094c7f2a020374d525e305b82
4030,0x54a9075c64e82a300d2a7ddbad5d23b29714f544ac3acfc91536afdd595d488b
4031,0x2559813bc6529f6938ba78a2fc60a6b4e8ccdc67cd41a2c4acf159a14304ce0c
4032,0x01ab41be9955d2aa3036ec058f5279077d4e669442f9780aaf261c390fc33d92
4033,0x27cc37a6a2d561984b0d2fc120c9408732757384d6ca323e07a53d371699ab0b
4034,0x3e8b992727316255783e31fad4598511ffddc5be806d9b6607024b9c743f77ff
4035,0xcc557d460799c2767859f18e50650b4e98f1d10f4f1aa92cec28222dc0e911a2
4036,0xbfeb4fe71a02b5c02749e057c8976f950c89d1be3f33d6fe51340e9ae97ddb38
4037,0x7e9ce5ed46ef9348fd41a0285de984557d5efb0d87acdf2edcedc4cabdb2be07
4038,0xdf4aa3c96e0fe9b034f93372c4463a74149c33575626bdfcb30aec32d0a7f58c
4039,0xc3b109c7b1e3166e66534af6e523467c76570ef32d0fa8cf52c0d2fe97719d7e
4040,0xb411746bdf09bde7f1fe70ddc8fa57241a0cb79d14d6e9c27e598635ca7dae4d
4041,0x775988758f13f17d20e083ed112c78ad3b62be322f501d4a61ca174a704be1a7
4042,0x3df9083769048a26f9dc22b01e05b712e7f738b670708de1d7bbde56a4875aef
4043,0x672947e34836142f3baf1fd3771264641da5ed17bf0514f3115a7ddf1e874ce8
4044,0xf14e5d1984c9b8d75fa57ccdfbbda927a6a7fd5b02248ae949db7bc14e846f2b
4045,0xb35b03ac338d2ad7aefa7f39e2ccf16264f65654ea1aed633e0f2bbcbab1a7ad
4046,0x826aaa9db20b9fae1e6f9a1e79607e0f119d0908edefe7210981749507d82c0b
4047,0x77b108f25becb7b98010b95f82b43773f8034c34b460b85ced81f170cc7b44a6
4048,0xcbfb88946b86a506b3fe929406925a3122561acfd665a891785128b4ea4c5ca4
4049,0x9fc7ef2c7100149c53ca373e5f4a8cdeb1df6a787bf4e01dab583875c89d6c7f
4050,0x7cd788de2f5fa0134bd705bf3fcb45ea9ff54c5f0e804526c128ed32ec37917d
